Gene,SNP,Allele
MC1R,rs312262906,A
MC1R,rs11547464,A
MC1R,rs885479,T
MC1R,rs1805008,T
MC1R,rs1805005,T
MC1R,rs1805006,A
MC1R,rs1805007,T
TUBB3,rs1805009,C
MC1R,rs201326893,A
MC1R,rs2228479,A
MC1R,rs1110400,C
SLC45A2,rs28777,C
SLC45A2,rs16891982,C
KITLG,rs12821256,G
LOC105374875,rs4959270,A
IRF4,rs12203592,T
TYR,rs1042602,T
OCA2,rs1800407,A
SLC24A4,rs2402130,G
HERC2,rs12913832,T
PIGU,rs2378249,C
LOC105370627,rs12896399,T
TYR,rs1393350,T
TYRP1,rs683,G
ANKRD11,rs3114908,T
OCA2,rs1800414,C
BNC2,rs10756819,G
HERC2,rs2238289,C
SLC24A4,rs17128291,C
HERC2,rs6497292,C
HERC2,rs1129038,G
HERC2,rs1667394,C
TYR,rs1126809,A
OCA2,rs1470608,A
SLC45A5,rs1426654,G
ASIP,rs6119471,T
OCA2,rs1545397,T
RALY,rs6059655,T
OCA2,rs12441727,A
MC1R,rs3212355,A
DEF8,rs8051733,C

